contentType,Company,clientId,facetFields,facetLimit
FRM,MYCOMPANY,104116,formNumber,35000
FRM,AMERISURE COMPANIES,3046,formNumber,35000
FRM,Markel,9132,formNumber,35000
FRM,CHURCH MUTUAL INSURANCE COMPANY,2326,formNumber,35000
FRM,VERISK,5475,formNumber,35000
FRM,PENNSYLVANIA MFG ASSOCIATION,8955,formNumber,35000
FRM,HAMILTON INSURANCE COMPANY,104251,formNumber,35000
FRM,Zurich,1917,formNumber,35000
FRM,SOUTHERN FARM BUREAU GROUP,4545,formNumber,35000
FRM,SAGESURE INSURANCE MANAGERS,104280,formNumber,35000
FRM,MOZART E-LEARNING COMPANY,104177,formNumber,35000
FRM,UNITED FIRE & CASUALTY COMPANIES,1922,formNumber,35000
FRM,MOZART SALES DEMO,148586,formNumber,35000
FRM,Mozart Demo,148658,formNumber,35000
FRM,ValueMomemtum,110867,formNumber,35000
FRM,BUILDERS MUTUAL INSURANCE GROUP,14124,formNumber,35000
FRM,Bulk Upload Testing,54436,formNumber,35000
